platform_id,model,catalog_id,oem_option_code
hpe-proliant-dl145-gen11,EPYC 8534P,amd-d8f96747bc1a02c178d3,P69263-B21
hpe-proliant-dl145-gen11,EPYC 8434P,amd-1bec19a828e005f96280,P69262-B21
hpe-proliant-dl145-gen11,EPYC 8324P,amd-36162aad92e75d733511,P69261-B21
hpe-proliant-dl145-gen11,EPYC 8224P,amd-2fce7c87f0bd79c319a8,P69260-B21
hpe-proliant-dl145-gen11,EPYC 8124P,amd-cb42bea06bd0f7cb76d6,P69259-B21
hpe-proliant-dl145-gen11,EPYC 8024P,amd-f087fb0881ac2f95c35e,P69258-B21
hpe-proliant-dl145-gen11,EPYC 8534PN,amd-da0dd93c3db1513272e5,P71874-B21
hpe-proliant-dl145-gen11,EPYC 8434PN,amd-cd4f21dee8d4ae3cb129,P71871-B21
hpe-proliant-dl145-gen11,EPYC 8324PN,amd-2aa587b52d6afb84a6b1,P71868-B21
hpe-proliant-dl145-gen11,EPYC 8224PN,amd-3aa5a48d5efc6089bfb9,P71865-B21
hpe-proliant-dl145-gen11,EPYC 8124PN,amd-ebd16e388c6c0785b568,P71862-B21
hpe-proliant-dl145-gen11,EPYC 8024PN,amd-6608fc51fa19463427b3,P71859-B21
hpe-proliant-dl145-gen11,EPYC 8635P,amd-bddafc363697173671d2,P88840-B21
hpe-proliant-dl145-gen11,EPYC 8535P,amd-e5185a0ab5391b0acd13,P88842-B21
hpe-proliant-dl145-gen11,EPYC 8435P,amd-9213b53eaa2a4ca55804,P88844-B21
hpe-proliant-dl145-gen11,EPYC 8325P,amd-38827fffedffcd919dc3,P88846-B21
hpe-proliant-dl145-gen11,EPYC 8225P,amd-7ada88bf83a5caf7a781,P88848-B21
hpe-proliant-dl145-gen11,EPYC 8125P,amd-af1fcfda023366d04c43,P88850-B21
hpe-proliant-dl145-gen11,EPYC 8025P,amd-e83fb6a664adf6db657a,P88852-B21
hpe-proliant-dl325-gen11,EPYC 9845,amd-d7edcd7a17f64d69d7dd,P72646-B21
hpe-proliant-dl325-gen11,EPYC 9825,amd-2a8a0dae73192b511a37,P72647-B21
hpe-proliant-dl325-gen11,EPYC 9745,amd-7ad83ccd267c03b56ca4,P72648-B21
hpe-proliant-dl325-gen11,EPYC 9645,amd-a24661387e0195fdc3a5,P72649-B21
hpe-proliant-dl325-gen11,EPYC 9655P,amd-69dd3c422dc53b10aa41,P72662-B21
hpe-proliant-dl325-gen11,EPYC 9565,amd-88b04433c4e4469e498c,P72651-B21
hpe-proliant-dl325-gen11,EPYC 9535,amd-0e99864f858283348a2d,P72652-B21
hpe-proliant-dl325-gen11,EPYC 9575F,amd-533ef46f46e792a53597,P72758-B21
hpe-proliant-dl325-gen11,EPYC 9555P,amd-43a29e47003ee20deb83,P72663-B21
hpe-proliant-dl325-gen11,EPYC 9475F,amd-58067b889f2a3a4d3968,P72666-B21
hpe-proliant-dl325-gen11,EPYC 9455P,amd-703b30192d9f90201b46,P72664-B21
hpe-proliant-dl325-gen11,EPYC 9365,amd-330479125dea2c7f94fe,P72655-B21
hpe-proliant-dl325-gen11,EPYC 9335,amd-608a4a36496b251041aa,P72656-B21
hpe-proliant-dl325-gen11,EPYC 9375F,amd-b056d09b0ba9f1158d6b,P72667-B21
hpe-proliant-dl325-gen11,EPYC 9355P,amd-a9bb711f3c3d0f231f80,P72665-B21
hpe-proliant-dl325-gen11,EPYC 9255,amd-c9d9c86c09e055eb6743,P72658-B21
hpe-proliant-dl325-gen11,EPYC 9275F,amd-8cd62f71e0fc8ea5043d,P72668-B21
hpe-proliant-dl325-gen11,EPYC 9135,amd-92aab6f743944093806a,P72660-B21
hpe-proliant-dl325-gen11,EPYC 9115,amd-7bd4c234f5117b8b2b07,P72659-B21
hpe-proliant-dl325-gen11,EPYC 9175F,amd-7cfb6c400cf40bf444bc,P72669-B21
hpe-proliant-dl325-gen11,EPYC 9015,amd-87f14037b849fa2c41d6,P72661-B21
hpe-proliant-dl325-gen11,EPYC 9754,amd-023b75891c3df803278d,P60463-B21
hpe-proliant-dl325-gen11,EPYC 9654P,amd-639477f61d81cdc2f5ce,P53697-B21
hpe-proliant-dl325-gen11,EPYC 9684X,amd-e43b499495c8a7ac9b69,P63493-B21
hpe-proliant-dl325-gen11,EPYC 9634,amd-868936d8f7a46af7b9a7,P53705-B21
hpe-proliant-dl325-gen11,EPYC 9534,amd-5fc268b641d9fba44b10,P53699-B21
hpe-proliant-dl325-gen11,EPYC 9554P,amd-f931f220fc21dcccb171,P53703-B21
hpe-proliant-dl325-gen11,EPYC 9454P,amd-c1e1c049df8b9e285f94,P53709-B21
hpe-proliant-dl325-gen11,EPYC 9474F,amd-faf8224d7f17d770dbf3,P53706-B21
hpe-proliant-dl325-gen11,EPYC 9334,amd-98a94e467cbefadf876c,P53712-B21
hpe-proliant-dl325-gen11,EPYC 9354P,amd-79b6848046eef65e48e0,P53704-B21
hpe-proliant-dl325-gen11,EPYC 9374F,amd-1b1dfce6091041b695da,P53710-B21
hpe-proliant-dl325-gen11,EPYC 9384X,amd-d6e22518b374ab018961,P63492-B21
hpe-proliant-dl325-gen11,EPYC 9254,amd-ea3a7f6f3ee9147aaf6c,P53707-B21
hpe-proliant-dl325-gen11,EPYC 9224,amd-69bb2a841328733d69dd,P58540-B21
hpe-proliant-dl325-gen11,EPYC 9274F,amd-e70bf571d7d5001edfef,P53711-B21
hpe-proliant-dl325-gen11,EPYC 9124,amd-2e29ef28d8bad0fb1f1f,P53702-B21
hpe-proliant-dl325-gen11,EPYC 9174F,amd-8a2d4eb27e17be3da6e7,P53698-B21
hpe-proliant-dl325-gen11,EPYC 9184X,amd-03ca4de63c796a7065eb,P63491-B21
hpe-proliant-dl345-gen11,EPYC 9845,amd-d7edcd7a17f64d69d7dd,P72646-B21
hpe-proliant-dl345-gen11,EPYC 9825,amd-2a8a0dae73192b511a37,P72647-B21
hpe-proliant-dl345-gen11,EPYC 9745,amd-7ad83ccd267c03b56ca4,P72648-B21
hpe-proliant-dl345-gen11,EPYC 9645,amd-a24661387e0195fdc3a5,P72649-B21
hpe-proliant-dl345-gen11,EPYC 9655P,amd-69dd3c422dc53b10aa41,P72662-B21
hpe-proliant-dl345-gen11,EPYC 9565,amd-88b04433c4e4469e498c,P72651-B21
hpe-proliant-dl345-gen11,EPYC 9535,amd-0e99864f858283348a2d,P72652-B21
hpe-proliant-dl345-gen11,EPYC 9575F,amd-533ef46f46e792a53597,P72758-B21
hpe-proliant-dl345-gen11,EPYC 9555P,amd-43a29e47003ee20deb83,P72663-B21
hpe-proliant-dl345-gen11,EPYC 9475F,amd-58067b889f2a3a4d3968,P72666-B21
hpe-proliant-dl345-gen11,EPYC 9455P,amd-703b30192d9f90201b46,P72664-B21
hpe-proliant-dl345-gen11,EPYC 9365,amd-330479125dea2c7f94fe,P72655-B21
hpe-proliant-dl345-gen11,EPYC 9335,amd-608a4a36496b251041aa,P72656-B21
hpe-proliant-dl345-gen11,EPYC 9375F,amd-b056d09b0ba9f1158d6b,P72667-B21
hpe-proliant-dl345-gen11,EPYC 9355P,amd-a9bb711f3c3d0f231f80,P72665-B21
hpe-proliant-dl345-gen11,EPYC 9255,amd-c9d9c86c09e055eb6743,P72658-B21
hpe-proliant-dl345-gen11,EPYC 9275F,amd-8cd62f71e0fc8ea5043d,P72668-B21
hpe-proliant-dl345-gen11,EPYC 9135,amd-92aab6f743944093806a,P72660-B21
hpe-proliant-dl345-gen11,EPYC 9115,amd-7bd4c234f5117b8b2b07,P72659-B21
hpe-proliant-dl345-gen11,EPYC 9175F,amd-7cfb6c400cf40bf444bc,P72669-B21
hpe-proliant-dl345-gen11,EPYC 9015,amd-87f14037b849fa2c41d6,P72661-B21
hpe-proliant-dl345-gen11,EPYC 9754,amd-023b75891c3df803278d,P60463-B21
hpe-proliant-dl345-gen11,EPYC 9654P,amd-639477f61d81cdc2f5ce,P53697-B21
hpe-proliant-dl345-gen11,EPYC 9684X,amd-e43b499495c8a7ac9b69,P63493-B21
hpe-proliant-dl345-gen11,EPYC 9634,amd-868936d8f7a46af7b9a7,P53705-B21
hpe-proliant-dl345-gen11,EPYC 9534,amd-5fc268b641d9fba44b10,P53699-B21
hpe-proliant-dl345-gen11,EPYC 9554P,amd-f931f220fc21dcccb171,P53703-B21
hpe-proliant-dl345-gen11,EPYC 9454P,amd-c1e1c049df8b9e285f94,P53709-B21
hpe-proliant-dl345-gen11,EPYC 9474F,amd-faf8224d7f17d770dbf3,P53706-B21
hpe-proliant-dl345-gen11,EPYC 9334,amd-98a94e467cbefadf876c,P53712-B21
hpe-proliant-dl345-gen11,EPYC 9354P,amd-79b6848046eef65e48e0,P53704-B21
hpe-proliant-dl345-gen11,EPYC 9374F,amd-1b1dfce6091041b695da,P53710-B21
hpe-proliant-dl345-gen11,EPYC 9384X,amd-d6e22518b374ab018961,P63492-B21
hpe-proliant-dl345-gen11,EPYC 9254,amd-ea3a7f6f3ee9147aaf6c,P53707-B21
hpe-proliant-dl345-gen11,EPYC 9224,amd-69bb2a841328733d69dd,P58540-B21
hpe-proliant-dl345-gen11,EPYC 9274F,amd-e70bf571d7d5001edfef,P53711-B21
hpe-proliant-dl345-gen11,EPYC 9124,amd-2e29ef28d8bad0fb1f1f,P53702-B21
hpe-proliant-dl345-gen11,EPYC 9174F,amd-8a2d4eb27e17be3da6e7,P53698-B21
hpe-proliant-dl345-gen11,EPYC 9184X,amd-03ca4de63c796a7065eb,P63491-B21
hpe-proliant-compute-dl320-gen12,Xeon 6710E,intel-5829cef91c89fe5c7ce7,P71117-B21
hpe-proliant-compute-dl320-gen12,Xeon 6731E,intel-a84687d2e1b66dac92df,P71118-B21
hpe-proliant-compute-dl320-gen12,Xeon 6740E,intel-ec3673fa0ebe903705b4,P71119-B21
hpe-proliant-compute-dl320-gen12,Xeon 6746E,intel-762b6275ae456d9a62bd,P71120-B21
hpe-proliant-compute-dl320-gen12,Xeon 6756E,intel-867f237ad912479a9fca,P71121-B21
hpe-proliant-compute-dl320-gen12,Xeon 6766E,intel-f24c9396b3b6b0bd6aea,P71122-B21
hpe-proliant-compute-dl320-gen12,Xeon 6780E,intel-81d566efd7926b6477f9,P71124-B21
hpe-proliant-compute-dl320-gen12,Xeon 6503P,intel-a9b12f1d087e5e7f9141,P94926-B21
hpe-proliant-compute-dl320-gen12,Xeon 6507P,intel-a404c927e007b9f18ae3,P74504-B21
hpe-proliant-compute-dl320-gen12,Xeon 6517P,intel-bc1f03c190bc18305bb2,P74507-B21
hpe-proliant-compute-dl320-gen12,Xeon 6725P,intel-a677bed3121655ff65f5,P87302-B21
hpe-proliant-compute-dl320-gen12,Xeon 6527P,intel-bc07a9fb050a8ae30d4d,P74570-B21
hpe-proliant-compute-dl320-gen12,Xeon 6730P,intel-a77973f0863d27945c62,P74573-B21
hpe-proliant-compute-dl320-gen12,Xeon 6732P,intel-23d22dc263a6e5a34201,P74578-B21
hpe-proliant-compute-dl320-gen12,Xeon 6736P,intel-266106e5f1a24124b6f5,P74575-B21
hpe-proliant-compute-dl320-gen12,Xeon 6737P,intel-2f55aeebd918b01a9f8c,P74576-B21
hpe-proliant-compute-dl320-gen12,Xeon 6745P,intel-5bdcb9c5df7c447536c2,P81591-B21
hpe-proliant-compute-dl320-gen12,Xeon 6747P,intel-92e3603655238b526f36,P73831-B21
hpe-proliant-compute-dl320-gen12,Xeon 6767P,intel-55aed4fff4909b0f6c95,P73834-B21
hpe-proliant-compute-dl320-gen12,Xeon 6787P,intel-ef124b107763422cd947,P73837-B21
hpe-proliant-compute-dl320-gen12,Xeon 6505P,intel-b45d09bb5c495abacd2f,P74503-B21
hpe-proliant-compute-dl320-gen12,Xeon 6515P,intel-95136ad31a4e1f4dbb6e,P74506-B21
hpe-proliant-compute-dl320-gen12,Xeon 6520P,intel-ca660dbee8a25400c737,P74568-B21
hpe-proliant-compute-dl320-gen12,Xeon 6530P,intel-7705378c150321f95432,P74571-B21
hpe-proliant-compute-dl320-gen12,Xeon 6740P,intel-a0442e1c1104da184c5f,P73829-B21
hpe-proliant-compute-dl320-gen12,Xeon 6760P,intel-477f35bc41b6e7aca2c2,P73832-B21
hpe-proliant-compute-dl320-gen12,Xeon 6511P,intel-b4d944af3248b1a8e0db,P74505-B21
hpe-proliant-compute-dl320-gen12,Xeon 6521P,intel-e584614254531c142cbc,P74569-B21
hpe-proliant-compute-dl320-gen12,Xeon 6731P,intel-eff7f69f0351220b4e89,P74574-B21
hpe-proliant-compute-dl320-gen12,Xeon 6741P,intel-dd975dbf0f2b334d6f9e,P73830-B21
hpe-proliant-compute-dl320-gen12,Xeon 6761P,intel-a9e31beaf6a5f4f6e832,P73833-B21
hpe-proliant-compute-dl320-gen12,Xeon 6781P,intel-ed9c07def7081f89724c,P73836-B21
hpe-proliant-compute-dl380-gen12,Xeon 6710E,intel-5829cef91c89fe5c7ce7,P71117-B21
hpe-proliant-compute-dl380-gen12,Xeon 6731E,intel-a84687d2e1b66dac92df,P71118-B21
hpe-proliant-compute-dl380-gen12,Xeon 6740E,intel-ec3673fa0ebe903705b4,P71119-B21
hpe-proliant-compute-dl380-gen12,Xeon 6746E,intel-762b6275ae456d9a62bd,P71120-B21
hpe-proliant-compute-dl380-gen12,Xeon 6756E,intel-867f237ad912479a9fca,P71121-B21
hpe-proliant-compute-dl380-gen12,Xeon 6766E,intel-f24c9396b3b6b0bd6aea,P71122-B21
hpe-proliant-compute-dl380-gen12,Xeon 6780E,intel-81d566efd7926b6477f9,P71124-B21
hpe-proliant-compute-dl380-gen12,Xeon 6503P,intel-a9b12f1d087e5e7f9141,P94926-B21
hpe-proliant-compute-dl380-gen12,Xeon 6507P,intel-a404c927e007b9f18ae3,P74504-B21
hpe-proliant-compute-dl380-gen12,Xeon 6517P,intel-bc1f03c190bc18305bb2,P74507-B21
hpe-proliant-compute-dl380-gen12,Xeon 6527P,intel-bc07a9fb050a8ae30d4d,P74570-B21
hpe-proliant-compute-dl380-gen12,Xeon 6725P,intel-a677bed3121655ff65f5,P87302-B21
hpe-proliant-compute-dl380-gen12,Xeon 6730P,intel-a77973f0863d27945c62,P74573-B21
hpe-proliant-compute-dl380-gen12,Xeon 6732P,intel-23d22dc263a6e5a34201,P74578-B21
hpe-proliant-compute-dl380-gen12,Xeon 6736P,intel-266106e5f1a24124b6f5,P74575-B21
hpe-proliant-compute-dl380-gen12,Xeon 6737P,intel-2f55aeebd918b01a9f8c,P74576-B21
hpe-proliant-compute-dl380-gen12,Xeon 6745P,intel-5bdcb9c5df7c447536c2,P81591-B21
hpe-proliant-compute-dl380-gen12,Xeon 6747P,intel-92e3603655238b526f36,P73831-B21
hpe-proliant-compute-dl380-gen12,Xeon 6762P,,P90157-B21
hpe-proliant-compute-dl380-gen12,Xeon 6767P,intel-55aed4fff4909b0f6c95,P73834-B21
hpe-proliant-compute-dl380-gen12,Xeon 6787P,intel-ef124b107763422cd947,P73837-B21
hpe-proliant-compute-dl380-gen12,Xeon 6505P,intel-b45d09bb5c495abacd2f,P74503-B21
hpe-proliant-compute-dl380-gen12,Xeon 6515P,intel-95136ad31a4e1f4dbb6e,P74506-B21
hpe-proliant-compute-dl380-gen12,Xeon 6520P,intel-ca660dbee8a25400c737,P74568-B21
hpe-proliant-compute-dl380-gen12,Xeon 6530P,intel-7705378c150321f95432,P74571-B21
hpe-proliant-compute-dl380-gen12,Xeon 6740P,intel-a0442e1c1104da184c5f,P73829-B21
hpe-proliant-compute-dl380-gen12,Xeon 6760P,intel-477f35bc41b6e7aca2c2,P73832-B21
hpe-proliant-compute-dl380-gen12,Xeon 6714P,intel-483f96596ad2582fdb59,P74508-B21
hpe-proliant-compute-dl380-gen12,Xeon 6724P,intel-623738144541ea533120,P74509-B21
hpe-proliant-compute-dl380-gen12,Xeon 6728P,intel-0e2e940c461f1ff9df8f,P74572-B21
hpe-proliant-compute-dl380-gen12,Xeon 6738P,intel-0e603b0825bf2841a2ec,P74577-B21
hpe-proliant-compute-dl380-gen12,Xeon 6748P,intel-281e8716fd84a897fc29,P74579-B21
hpe-proliant-compute-dl380-gen12,Xeon 6768P,intel-2e8da37d8aed185110d6,P73835-B21
hpe-proliant-compute-dl380-gen12,Xeon 6788P,intel-ee7e13fd01f9659f975c,P73838-B21
hpe-proliant-dl365-gen11,EPYC 9845,amd-d7edcd7a17f64d69d7dd,P72646-B21
hpe-proliant-dl365-gen11,EPYC 9825,amd-2a8a0dae73192b511a37,P72647-B21
hpe-proliant-dl365-gen11,EPYC 9745,amd-7ad83ccd267c03b56ca4,P72648-B21
hpe-proliant-dl365-gen11,EPYC 9655,amd-92784fe5e4f2faaed137,P72650-B21
hpe-proliant-dl365-gen11,EPYC 9645,amd-a24661387e0195fdc3a5,P72649-B21
hpe-proliant-dl365-gen11,EPYC 9565,amd-88b04433c4e4469e498c,P72651-B21
hpe-proliant-dl365-gen11,EPYC 9575F,amd-533ef46f46e792a53597,P72758-B21
hpe-proliant-dl365-gen11,EPYC 9555,amd-0132d13801f21f500520,P72653-B21
hpe-proliant-dl365-gen11,EPYC 9535,amd-0e99864f858283348a2d,P72652-B21
hpe-proliant-dl365-gen11,EPYC 9475F,amd-58067b889f2a3a4d3968,P72666-B21
hpe-proliant-dl365-gen11,EPYC 9455,amd-cd7405b435ac2d6e73c7,P72654-B21
hpe-proliant-dl365-gen11,EPYC 9365,amd-330479125dea2c7f94fe,P72655-B21
hpe-proliant-dl365-gen11,EPYC 9375F,amd-b056d09b0ba9f1158d6b,P72667-B21
hpe-proliant-dl365-gen11,EPYC 9355,amd-f6445f07a0e43611b56f,P72657-B21
hpe-proliant-dl365-gen11,EPYC 9335,amd-608a4a36496b251041aa,P72656-B21
hpe-proliant-dl365-gen11,EPYC 9275F,amd-8cd62f71e0fc8ea5043d,P72668-B21
hpe-proliant-dl365-gen11,EPYC 9255,amd-c9d9c86c09e055eb6743,P72658-B21
hpe-proliant-dl365-gen11,EPYC 9175F,amd-7cfb6c400cf40bf444bc,P72669-B21
hpe-proliant-dl365-gen11,EPYC 9135,amd-92aab6f743944093806a,P72660-B21
hpe-proliant-dl365-gen11,EPYC 9115,amd-7bd4c234f5117b8b2b07,P72659-B21
hpe-proliant-dl365-gen11,EPYC 9015,amd-87f14037b849fa2c41d6,P72661-B21
hpe-proliant-dl365-gen11,EPYC 9754,amd-023b75891c3df803278d,P60463-B21
hpe-proliant-dl365-gen11,EPYC 9684X,amd-e43b499495c8a7ac9b69,P63493-B21
hpe-proliant-dl365-gen11,EPYC 9654,amd-3a73938c9cdc8e1af5c1,P53696-B21
hpe-proliant-dl365-gen11,EPYC 9634,amd-868936d8f7a46af7b9a7,P53705-B21
hpe-proliant-dl365-gen11,EPYC 9554,amd-4e2482a19422a82087d2,P53700-B21
hpe-proliant-dl365-gen11,EPYC 9534,amd-5fc268b641d9fba44b10,P53699-B21
hpe-proliant-dl365-gen11,EPYC 9474F,amd-faf8224d7f17d770dbf3,P53706-B21
hpe-proliant-dl365-gen11,EPYC 9454,amd-deaad975bc5619a77cf2,P53708-B21
hpe-proliant-dl365-gen11,EPYC 9384X,amd-d6e22518b374ab018961,P63492-B21
hpe-proliant-dl365-gen11,EPYC 9374F,amd-1b1dfce6091041b695da,P53710-B21
hpe-proliant-dl365-gen11,EPYC 9354,amd-f95d3a3530f59f5ce425,P53701-B21
hpe-proliant-dl365-gen11,EPYC 9334,amd-98a94e467cbefadf876c,P53712-B21
hpe-proliant-dl365-gen11,EPYC 9274F,amd-e70bf571d7d5001edfef,P53711-B21
hpe-proliant-dl365-gen11,EPYC 9254,amd-ea3a7f6f3ee9147aaf6c,P53707-B21
hpe-proliant-dl365-gen11,EPYC 9224,amd-69bb2a841328733d69dd,P58540-B21
hpe-proliant-dl365-gen11,EPYC 9184X,amd-03ca4de63c796a7065eb,P63491-B21
hpe-proliant-dl365-gen11,EPYC 9174F,amd-8a2d4eb27e17be3da6e7,P53698-B21
hpe-proliant-dl365-gen11,EPYC 9124,amd-2e29ef28d8bad0fb1f1f,P53702-B21
