vendor,model_full,series,year,arch,cores,threads,frequency,frequency_type,usage_power,tdp,l2_cache,system_level_cache,l3_cache,mem_type,mem_channels,mem_max,pcie_gen,pcie_lanes,part_number,process_node,source_url,notes
Ampere Computing,AmpereOne A192-32M,AmpereOne M,2024,Armv8.6+,192,192,3.2,Published frequency,348,,2 MB/core,64 MB,,DDR5-5600,12,1.5 TB,5.0,96,,TSMC 5 nm,https://amperecomputing.com/briefs/ampereone-m-product-brief,Usage power is average power during SPECrate 2017 int_base; not TDP.
Ampere Computing,AmpereOne A192-26M,AmpereOne M,2024,Armv8.6+,192,192,2.6,Published frequency,278,,2 MB/core,64 MB,,DDR5-5600,12,1.5 TB,5.0,96,,TSMC 5 nm,https://amperecomputing.com/briefs/ampereone-m-product-brief,Usage power is average power during SPECrate 2017 int_base; not TDP.
Ampere Computing,AmpereOne A160-28M,AmpereOne M,2024,Armv8.6+,160,160,2.8,Published frequency,262,,2 MB/core,64 MB,,DDR5-5600,12,1.5 TB,5.0,96,,TSMC 5 nm,https://amperecomputing.com/briefs/ampereone-m-product-brief,Usage power is average power during SPECrate 2017 int_base; not TDP.
Ampere Computing,AmpereOne A144-33M,AmpereOne M,2024,Armv8.6+,144,144,3.3,Published frequency,334,,2 MB/core,64 MB,,DDR5-5600,12,1.5 TB,5.0,96,,TSMC 5 nm,https://amperecomputing.com/briefs/ampereone-m-product-brief,Usage power is average power during SPECrate 2017 int_base; not TDP.
Ampere Computing,AmpereOne A144-26M,AmpereOne M,2024,Armv8.6+,144,144,2.6,Published frequency,239,,2 MB/core,64 MB,,DDR5-5600,12,1.5 TB,5.0,96,,TSMC 5 nm,https://amperecomputing.com/briefs/ampereone-m-product-brief,Usage power is average power during SPECrate 2017 int_base; not TDP.
Ampere Computing,AmpereOne A96-36M,AmpereOne M,2024,Armv8.6+,96,96,3.6,Published frequency,331,,2 MB/core,64 MB,,DDR5-5600,12,1.5 TB,5.0,96,,TSMC 5 nm,https://amperecomputing.com/briefs/ampereone-m-product-brief,Usage power is average power during SPECrate 2017 int_base; not TDP.
Ampere Computing,AmpereOne A192-32X,AmpereOne,2023,Armv8.6+,192,192,3.2,Published frequency,283,,2 MB/core,64 MB,,DDR5 up to 5200,8,4 TB,5.0,128,,TSMC 5 nm,https://amperecomputing.com/briefs/ampereone-family-product-brief,Usage power is average power during SPECrate 2017 int_base; not TDP.
Ampere Computing,AmpereOne A192-26X,AmpereOne,2023,Armv8.6+,192,192,2.6,Published frequency,211,,2 MB/core,64 MB,,DDR5 up to 5200,8,4 TB,5.0,128,,TSMC 5 nm,https://amperecomputing.com/briefs/ampereone-family-product-brief,Usage power is average power during SPECrate 2017 int_base; not TDP.
Ampere Computing,AmpereOne A160-28X,AmpereOne,2023,Armv8.6+,160,160,2.8,Published frequency,214,,2 MB/core,64 MB,,DDR5 up to 5200,8,4 TB,5.0,128,,TSMC 5 nm,https://amperecomputing.com/briefs/ampereone-family-product-brief,Usage power is average power during SPECrate 2017 int_base; not TDP.
Ampere Computing,AmpereOne A144-27X,AmpereOne,2023,Armv8.6+,144,144,2.7,Published frequency,202,,2 MB/core,64 MB,,DDR5 up to 5200,8,4 TB,5.0,128,,TSMC 5 nm,https://amperecomputing.com/briefs/ampereone-family-product-brief,Usage power is average power during SPECrate 2017 int_base; not TDP.
Ampere Computing,AmpereOne A144-24X,AmpereOne,2023,Armv8.6+,144,144,2.4,Published frequency,194,,2 MB/core,64 MB,,DDR5 up to 5200,8,4 TB,5.0,128,,TSMC 5 nm,https://amperecomputing.com/briefs/ampereone-family-product-brief,Usage power is average power during SPECrate 2017 int_base; not TDP.
Ampere Computing,AmpereOne A128-34X,AmpereOne,2023,Armv8.6+,128,128,3.4,Published frequency,275,,2 MB/core,64 MB,,DDR5 up to 5200,8,4 TB,5.0,128,,TSMC 5 nm,https://amperecomputing.com/briefs/ampereone-family-product-brief,Usage power is average power during SPECrate 2017 int_base; not TDP.
Ampere Computing,AmpereOne A96-36X,AmpereOne,2023,Armv8.6+,96,96,3.6,Published frequency,273,,2 MB/core,64 MB,,DDR5 up to 5200,8,4 TB,5.0,128,,TSMC 5 nm,https://amperecomputing.com/briefs/ampereone-family-product-brief,Usage power is average power during SPECrate 2017 int_base; not TDP.
Ampere Computing,Altra Max M128-30,Altra Max,2021,Armv8.2+,128,128,3.0,Sustained,183,,1 MB/core,16 MB,,DDR4-3200,8,4 TB,4.0,128,AC-212825002,TSMC 7 nm,https://amperecomputing.com/briefs/ampere-altra-family-product-brief,Usage power is Ampere's workload power figure; not TDP.
Ampere Computing,Altra Max M128-28,Altra Max,2021,Armv8.2+,128,128,2.8,Sustained,154,,1 MB/core,16 MB,,DDR4-3200,8,4 TB,4.0,128,AC-212823002,TSMC 7 nm,https://amperecomputing.com/briefs/ampere-altra-family-product-brief,Usage power is Ampere's workload power figure; not TDP.
Ampere Computing,Altra Max M128-26,Altra Max,2021,Armv8.2+,128,128,2.6,Sustained,133,,1 MB/core,16 MB,,DDR4-3200,8,4 TB,4.0,128,AC-212819002,TSMC 7 nm,https://amperecomputing.com/briefs/ampere-altra-family-product-brief,Usage power is Ampere's workload power figure; not TDP.
Ampere Computing,Altra Max M96-30,Altra Max,2021,Armv8.2+,96,96,3.0,Sustained,157,,1 MB/core,16 MB,,DDR4-3200,8,4 TB,4.0,128,AC-209622002,TSMC 7 nm,https://amperecomputing.com/briefs/ampere-altra-family-product-brief,Usage power is Ampere's workload power figure; not TDP.
Ampere Computing,Altra Max M96-28,Altra Max,2021,Armv8.2+,96,96,2.8,Sustained,132,,1 MB/core,16 MB,,DDR4-3200,8,4 TB,4.0,128,AC-209619002,TSMC 7 nm,https://amperecomputing.com/briefs/ampere-altra-family-product-brief,Usage power is Ampere's workload power figure; not TDP.
Ampere Computing,Altra Q80-30,Altra,2020,Armv8.2+,80,80,3.0,Sustained,161,,1 MB/core,32 MB,,DDR4-3200,8,4 TB,4.0,128,AC-108021002,TSMC 7 nm,https://amperecomputing.com/briefs/ampere-altra-family-product-brief,Usage power is Ampere's workload power figure; not TDP.
Ampere Computing,Altra Q80-28,Altra,2020,Armv8.2+,80,80,2.8,Sustained,124,,1 MB/core,32 MB,,DDR4-3200,8,4 TB,4.0,128,AC-108018502,TSMC 7 nm,https://amperecomputing.com/briefs/ampere-altra-family-product-brief,Usage power is Ampere's workload power figure; not TDP.
Ampere Computing,Altra Q80-26,Altra,2020,Armv8.2+,80,80,2.6,Sustained,113,,1 MB/core,32 MB,,DDR4-3200,8,4 TB,4.0,128,AC-108015002,TSMC 7 nm,https://amperecomputing.com/briefs/ampere-altra-family-product-brief,Usage power is Ampere's workload power figure; not TDP.
Ampere Computing,Altra Q64-30,Altra,2020,Armv8.2+,64,64,3.0,Sustained,124,,1 MB/core,32 MB,,DDR4-3200,8,4 TB,4.0,128,AC-106418002,TSMC 7 nm,https://amperecomputing.com/briefs/ampere-altra-family-product-brief,Usage power is Ampere's workload power figure; not TDP.
Ampere Computing,Altra Q64-26,Altra,2020,Armv8.2+,64,64,2.6,Sustained,87,,1 MB/core,32 MB,,DDR4-3200,8,4 TB,4.0,128,AC-106412502,TSMC 7 nm,https://amperecomputing.com/briefs/ampere-altra-family-product-brief,Usage power is Ampere's workload power figure; not TDP.
Ampere Computing,Altra Q64-22,Altra,2020,Armv8.2+,64,64,2.2,Sustained,69,,1 MB/core,32 MB,,DDR4-3200,8,4 TB,4.0,128,AC-106409502,TSMC 7 nm,https://amperecomputing.com/briefs/ampere-altra-family-product-brief,Usage power is Ampere's workload power figure; not TDP.
Ampere Computing,Altra Q32-17,Altra,2020,Armv8.2+,32,32,1.7,Sustained,40,,1 MB/core,32 MB,,DDR4-3200,8,4 TB,4.0,128,AC-103206502,TSMC 7 nm,https://amperecomputing.com/briefs/ampere-altra-family-product-brief,Usage power is Ampere's workload power figure; not TDP.
Ampere Computing,eMAG 8180,eMAG,2018,Armv8.0-A,32,,3.3,Up to with Turbo,,125,256 KB / 2 cores,,32 MB,DDR4-2667,8,1 TB,3.0,42,,TSMC 16 nm FinFET+,https://connect-admin.amperecomputing.com/api/secure-file-download/download-regular?doc_id=415&file=new-private-files%2F94%2Ftech%2FeMAG8180_PB_v0.55_20200211.pdf&type=technical-document,The 3.3 GHz value is an up-to Turbo clock; Ampere publishes TDP but no usage power.
